"English Name","Chinese Name","Event Name","Generate Token","Used Token","Remaining Token","Expire Date",Status
"test-user 10","test-user 10","20221221 Even1",9,-,-,01/02/2023,Inactive
"test-user 9","test-user 9","20221221 Even1",9,-,-,01/02/2023,Inactive
"test-user 8","test-user 8","20221221 Even1",9,-,-,01/02/2023,Inactive
"test-user 7","test-user 7","20221221 Even1",9,-,-,01/02/2023,Inactive
"test-user 6","test-user 6","20221221 Even1",9,-,-,01/02/2023,Inactive
"test-user 5","test-user 5","20221221 Even1",9,-,-,01/02/2023,Inactive
"test-user 4","test-user 4","20221221 Even1",9,-,-,01/02/2023,Inactive
"test-user 3","test-user 3","20221221 Even1",9,-,-,01/02/2023,Inactive
"test-user 2","test-user 2","20221221 Even1",9,-,-,01/02/2023,Inactive
"test-user 1","test-user 1","20221221 Even1",9,-,-,01/02/2023,Inactive
"test-user 10","test-user 10","Test Event 3",1,-,1,29/01/2023,Inactive
"test-user 9","test-user 9","Test Event 3",1,-,1,29/01/2023,Inactive
"test-user 8","test-user 8","Test Event 3",1,-,1,29/01/2023,Inactive
"test-user 7","test-user 7","Test Event 3",1,-,1,29/01/2023,Inactive
"test-user 6","test-user 6","Test Event 3",1,-,1,29/01/2023,Inactive
"test-user 5","test-user 5","Test Event 3",1,-,1,29/01/2023,Inactive
"test-user 4","test-user 4","Test Event 3",1,-,1,29/01/2023,Inactive
"test-user 3","test-user 3","Test Event 3",1,-,1,29/01/2023,Inactive
"test-user 2","test-user 2","Test Event 3",1,-,1,29/01/2023,Inactive
"test-user 1","test-user 1","Test Event 3",1,-,1,29/01/2023,Inactive